frame_count,fps,width,height,duration_sec,filename,label
248,24.75,704,576,10.02020202020202,shop_lifter_75.mp4,shop lifters
350,25.0,704,576,14.0,videyyyyyyzzzzzyyyss_0.mp4,shop lifters
273,24.75,704,576,11.030303030303031,shop_lifter_83.mp4,shop lifters
200,25.0,704,576,8.0,videyyyyyynnnnnnzzzzzyyyss_23.mp4,shop lifters
325,25.0,704,576,13.0,videppppsss_37.mp4,shop lifters
250,25.0,704,576,10.0,videyyyyyyyyyss_50.mp4,shop lifters
325,25.0,704,576,13.0,videyyyyyynnnnnnzzzzzyyyss_5.mp4,shop lifters
225,25.0,704,576,9.0,videyyyyyyyyyss_8.mp4,shop lifters
225,25.0,704,576,9.0,videyyyyyynnnnnnzzzzzyyyss_18.mp4,shop lifters
425,25.0,704,576,17.0,videppppsss_39.mp4,shop lifters
223,24.75,704,576,9.01010101010101,shop_lifter_56.mp4,shop lifters
175,25.0,704,576,7.0,videyyyyyyyyyss_35.mp4,shop lifters
325,25.0,704,576,13.0,videyyyyyyyyyss_12.mp4,shop lifters
350,25.0,704,576,14.0,videppppsss_0.mp4,shop lifters
225,25.0,704,576,9.0,videyyyyyyyyyss_31.mp4,shop lifters
322,24.75,704,576,13.01010101010101,shop_lifter_48.mp4,shop lifters
400,25.0,704,576,16.0,videppppsss_34.mp4,shop lifters
225,25.0,704,576,9.0,videyyyyyyyyyss_39.mp4,shop lifters
570,24.75,704,576,23.03030303030303,shop_lifter_39.mp4,shop lifters
225,25.0,704,576,9.0,videppppsss_47.mp4,shop lifters
225,25.0,704,576,9.0,videyyyyyyyyyss_18.mp4,shop lifters
250,25.0,704,576,10.0,videyyyyyyyyyss_51.mp4,shop lifters
275,25.0,704,576,11.0,videyyyyyyyyyss_53.mp4,shop lifters
350,25.0,704,576,14.0,videyyyyyyzzzzzyyyss_8.mp4,shop lifters
475,25.0,704,576,19.0,shop_lifter_99.mp4,shop lifters
350,25.0,704,576,14.0,shop_lifter_126.mp4,shop lifters
350,25.0,704,576,14.0,videyyyyyyyyyss_46.mp4,shop lifters
248,24.75,704,576,10.02020202020202,videmmmmmmsss_91.mp4,shop lifters
375,25.0,704,576,15.0,videppppsss_35.mp4,shop lifters
198,24.75,704,576,8.0,shop_lifter_59.mp4,shop lifters
300,25.0,704,576,12.0,videppppsss_46.mp4,shop lifters
200,25.0,704,576,8.0,videyyyyyyyyyss_34.mp4,shop lifters
325,25.0,704,576,13.0,videppppsss_3.mp4,shop lifters
250,25.0,704,576,10.0,videyyyyyyyyyss_5.mp4,shop lifters
300,25.0,704,576,12.0,videyyyyyyyyyss_4.mp4,shop lifters
372,24.75,704,576,15.030303030303031,shop_lifter_47.mp4,shop lifters
225,25.0,704,576,9.0,videyyyyyyzzzzzyyyss_3.mp4,shop lifters
350,25.0,704,576,14.0,shop_lifter_87.mp4,shop lifters
250,25.0,704,576,10.0,videyyyyyynnnnnnzzzzzyyyss_13.mp4,shop lifters
396,24.75,704,576,16.0,shop_lifter_23.mp4,shop lifters
322,24.75,704,576,13.01010101010101,shop_lifter_8.mp4,shop lifters
250,25.0,704,576,10.0,videppppsss_12.mp4,shop lifters
396,24.75,704,576,16.0,shop_lifter_44.mp4,shop lifters
250,25.0,704,576,10.0,videppppsss_10.mp4,shop lifters
225,25.0,704,576,9.0,videppppsss_40.mp4,shop lifters
250,25.0,704,576,10.0,videyyyyyynnnnnnzzzzzyyyss_29.mp4,shop lifters
325,25.0,704,576,13.0,videyyyyyyzzzzzyyyss_6.mp4,shop lifters
300,25.0,704,576,12.0,videyyyyyyyyyss_62.mp4,shop lifters
225,25.0,704,576,9.0,videyyyyyyyyyss_20.mp4,shop lifters
421,24.75,704,576,17.01010101010101,shop_lifter_42.mp4,shop lifters
425,25.0,704,576,17.0,shop_lifter_90.mp4,shop lifters
375,25.0,704,576,15.0,videyyyyyyzzzzzyyyss_12.mp4,shop lifters
400,25.0,704,576,16.0,shop_lifter_95.mp4,shop lifters
250,25.0,704,576,10.0,videyyyyyyyyyss_58.mp4,shop lifters
325,25.0,704,576,13.0,videyyyyyyyyyss_22.mp4,shop lifters
375,25.0,704,576,15.0,videppppsss_36.mp4,shop lifters
273,24.75,704,576,11.030303030303031,shop_lifter_77.mp4,shop lifters
350,25.0,704,576,14.0,videppppsss_21.mp4,shop lifters
400,25.0,704,576,16.0,videppppsss_29.mp4,shop lifters
297,24.75,704,576,12.0,shop_lifter_51.mp4,shop lifters
275,25.0,704,576,11.0,videyyyyyyyyyss_25.mp4,shop lifters
375,25.0,704,576,15.0,shop_lifter_94.mp4,shop lifters
350,25.0,704,576,14.0,videyyyyyynnnnnnzzzzzyyyss_3.mp4,shop lifters
200,25.0,704,576,8.0,videyyyyyyyyyss_45.mp4,shop lifters
372,24.75,704,576,15.030303030303031,shop_lifter_11.mp4,shop lifters
275,25.0,704,576,11.0,videyyyyyyyyyss_17.mp4,shop lifters
100,25.0,704,576,4.0,videyyyyyyyyyss_42.mp4,shop lifters
500,25.0,704,576,20.0,shop_lifter_89.mp4,shop lifters
200,25.0,704,576,8.0,videyyyyyyyyyss_26.mp4,shop lifters
347,24.75,704,576,14.02020202020202,shop_lifter_67.mp4,shop lifters
350,25.0,704,576,14.0,shop_lifter_125.mp4,shop lifters
495,24.75,704,576,20.0,shop_lifter_32.mp4,shop lifters
275,25.0,704,576,11.0,videppppsss_2.mp4,shop lifters
200,25.0,704,576,8.0,videyyyyyyyyyss_38.mp4,shop lifters
273,24.75,704,576,11.030303030303031,shop_lifter_64.mp4,shop lifters
273,24.75,704,576,11.030303030303031,shop_lifter_78.mp4,shop lifters
375,25.0,704,576,15.0,videppppsss_16.mp4,shop lifters
446,24.75,704,576,18.02020202020202,shop_lifter_5.mp4,shop lifters
372,24.75,704,576,15.030303030303031,shop_lifter_53.mp4,shop lifters
400,25.0,704,576,16.0,videppppsss_26.mp4,shop lifters
175,25.0,704,576,7.0,videppppsss_53.mp4,shop lifters
248,24.75,704,576,10.02020202020202,shop_lifter_81.mp4,shop lifters
225,25.0,704,576,9.0,videyyyyyyyyyss_54.mp4,shop lifters
375,25.0,704,576,15.0,shop_lifter_109.mp4,shop lifters
396,24.75,704,576,16.0,shop_lifter_17.mp4,shop lifters
273,24.75,704,576,11.030303030303031,videmmmmmmsss_89.mp4,shop lifters
300,25.0,704,576,12.0,videyyyyyyyyyss_13.mp4,shop lifters
174,24.75,704,576,7.03030303030303,shop_lifter_62.mp4,shop lifters
396,24.75,704,576,16.0,shop_lifter_40.mp4,shop lifters
300,25.0,704,576,12.0,videyyyyyyyyyss_57.mp4,shop lifters
350,25.0,704,576,14.0,shop_lifter_88.mp4,shop lifters
225,25.0,704,576,9.0,videyyyyyyyyyss_36.mp4,shop lifters
495,24.75,704,576,20.0,shop_lifter_16.mp4,shop lifters
200,25.0,704,576,8.0,videppppsss_50.mp4,shop lifters
248,24.75,704,576,10.02020202020202,videmmmmmmsss_88.mp4,shop lifters
421,24.75,704,576,17.01010101010101,shop_lifter_14.mp4,shop lifters
372,24.75,704,576,15.030303030303031,shop_lifter_25.mp4,shop lifters
300,25.0,704,576,12.0,videppppsss_6.mp4,shop lifters
174,24.75,704,576,7.03030303030303,shop_lifter_60.mp4,shop lifters
325,25.0,704,576,13.0,videyyyyyynnnnnnzzzzzyyyss_2.mp4,shop lifters
273,24.75,704,576,11.030303030303031,videmmmmmmsss_99.mp4,shop lifters
248,24.75,704,576,10.02020202020202,videmmmmmmsss_85.mp4,shop lifters
275,25.0,704,576,11.0,videppppsss_45.mp4,shop lifters
396,24.75,704,576,16.0,shop_lifter_45.mp4,shop lifters
375,25.0,704,576,15.0,shop_lifter_101.mp4,shop lifters
325,25.0,704,576,13.0,videyyyyyynnnnnnzzzzzyyyss_19.mp4,shop lifters
275,25.0,704,576,11.0,videyyyyyyzzzzzyyyss_4.mp4,shop lifters
300,25.0,704,576,12.0,videppppsss_25.mp4,shop lifters
248,24.75,704,576,10.02020202020202,videmmmmmmsss_87.mp4,shop lifters
372,24.75,704,576,15.030303030303031,shop_lifter_28.mp4,shop lifters
248,24.75,704,576,10.02020202020202,videmmmmmmsss_95.mp4,shop lifters
396,24.75,704,576,16.0,shop_lifter_36.mp4,shop lifters
223,24.75,704,576,9.01010101010101,shop_lifter_52.mp4,shop lifters
248,24.75,704,576,10.02020202020202,videmmmmmmsss_101.mp4,shop lifters
175,25.0,704,576,7.0,videppppsss_54.mp4,shop lifters
375,25.0,704,576,15.0,shop_lifter_93.mp4,shop lifters
200,25.0,704,576,8.0,videyyyyyynnnnnnzzzzzyyyss_16.mp4,shop lifters
250,25.0,704,576,10.0,videyyyyyyzzzzzyyyss_16.mp4,shop lifters
300,25.0,704,576,12.0,videyyyyyyyyyss_6.mp4,shop lifters
225,25.0,704,576,9.0,videyyyyyyyyyss_27.mp4,shop lifters
250,25.0,704,576,10.0,videyyyyyyyyyss_52.mp4,shop lifters
248,24.75,704,576,10.02020202020202,videmmmmmmsss_92.mp4,shop lifters
300,25.0,704,576,12.0,videyyyyyyyyyss_7.mp4,shop lifters
300,25.0,704,576,12.0,videyyyyyyyyyss_59.mp4,shop lifters
372,24.75,704,576,15.030303030303031,shop_lifter_33.mp4,shop lifters
396,24.75,704,576,16.0,shop_lifter_31.mp4,shop lifters
325,25.0,704,576,13.0,shop_lifter_119.mp4,shop lifters
200,25.0,704,576,8.0,videyyyyyyzzzzzyyyss_20.mp4,shop lifters
300,25.0,704,576,12.0,videyyyyyynnnnnnzzzzzyyyss_6.mp4,shop lifters
475,25.0,704,576,19.0,shop_lifter_120.mp4,shop lifters
250,25.0,704,576,10.0,videyyyyyynnnnnnzzzzzyyyss_20.mp4,shop lifters
225,25.0,704,576,9.0,videyyyyyynnnnnnzzzzzyyyss_26.mp4,shop lifters
372,24.75,704,576,15.030303030303031,shop_lifter_35.mp4,shop lifters
375,25.0,704,576,15.0,videppppsss_8.mp4,shop lifters
250,25.0,704,576,10.0,videyyyyyynnnnnnzzzzzyyyss_27.mp4,shop lifters
500,25.0,704,576,20.0,videppppsss_18.mp4,shop lifters
350,25.0,704,576,14.0,videppppsss_11.mp4,shop lifters
350,25.0,704,576,14.0,shop_lifter_114.mp4,shop lifters
200,25.0,704,576,8.0,videyyyyyynnnnnnzzzzzyyyss_25.mp4,shop lifters
275,25.0,704,576,11.0,videyyyyyyzzzzzyyyss_24.mp4,shop lifters
475,25.0,704,576,19.0,shop_lifter_117.mp4,shop lifters
325,25.0,704,576,13.0,shop_lifter_86.mp4,shop lifters
372,24.75,704,576,15.030303030303031,shop_lifter_19.mp4,shop lifters
200,25.0,704,576,8.0,videyyyyyyyyyss_32.mp4,shop lifters
347,24.75,704,576,14.02020202020202,shop_lifter_49.mp4,shop lifters
223,24.75,704,576,9.01010101010101,shop_lifter_70.mp4,shop lifters
400,25.0,704,576,16.0,shop_lifter_107.mp4,shop lifters
300,25.0,704,576,12.0,videyyyyyyyyyss_9.mp4,shop lifters
322,24.75,704,576,13.01010101010101,shop_lifter_13.mp4,shop lifters
396,24.75,704,576,16.0,shop_lifter_18.mp4,shop lifters
375,25.0,704,576,15.0,shop_lifter_127.mp4,shop lifters
250,25.0,704,576,10.0,videyyyyyyyyyss_48.mp4,shop lifters
400,25.0,704,576,16.0,shop_lifter_123.mp4,shop lifters
198,24.75,704,576,8.0,shop_lifter_61.mp4,shop lifters
446,24.75,704,576,18.02020202020202,shop_lifter_50.mp4,shop lifters
250,25.0,704,576,10.0,videppppsss_5.mp4,shop lifters
325,25.0,704,576,13.0,videyyyyyyyyyss_10.mp4,shop lifters
375,25.0,704,576,15.0,shop_lifter_92.mp4,shop lifters
250,25.0,704,576,10.0,videyyyyyyyyyss_49.mp4,shop lifters
175,25.0,704,576,7.0,videyyyyyyyyyss_30.mp4,shop lifters
375,25.0,704,576,15.0,shop_lifter_112.mp4,shop lifters
300,25.0,704,576,12.0,videyyyyyyyyyss_61.mp4,shop lifters
275,25.0,704,576,11.0,videppppsss_42.mp4,shop lifters
200,25.0,704,576,8.0,videyyyyyyzzzzzyyyss_21.mp4,shop lifters
300,25.0,704,576,12.0,videyyyyyyyyyss_47.mp4,shop lifters
225,25.0,704,576,9.0,videyyyyyyyyyss_19.mp4,shop lifters
223,24.75,704,576,9.01010101010101,shop_lifter_34.mp4,shop lifters
250,25.0,704,576,10.0,videyyyyyyyyyss_16.mp4,shop lifters
150,25.0,704,576,6.0,videppppsss_55.mp4,shop lifters
372,24.75,704,576,15.030303030303031,shop_lifter_12.mp4,shop lifters
400,25.0,704,576,16.0,shop_lifter_115.mp4,shop lifters
325,25.0,704,576,13.0,videyyyyyyyyyss_15.mp4,shop lifters
175,25.0,704,576,7.0,videyyyyyyyyyss_29.mp4,shop lifters
396,24.75,704,576,16.0,shop_lifter_41.mp4,shop lifters
200,25.0,704,576,8.0,videyyyyyyyyyss_43.mp4,shop lifters
375,25.0,704,576,15.0,shop_lifter_116.mp4,shop lifters
275,25.0,704,576,11.0,videyyyyyyzzzzzyyyss_7.mp4,shop lifters
200,25.0,704,576,8.0,videyyyyyyyyyss_41.mp4,shop lifters
375,25.0,704,576,15.0,shop_lifter_124.mp4,shop lifters
450,25.0,704,576,18.0,shop_lifter_105.mp4,shop lifters
300,25.0,704,576,12.0,videyyyyyyzzzzzyyyss_5.mp4,shop lifters
248,24.75,704,576,10.02020202020202,videmmmmmmsss_93.mp4,shop lifters
325,25.0,704,576,13.0,videyyyyyyyyyss_3.mp4,shop lifters
250,25.0,704,576,10.0,videyyyyyyzzzzzyyyss_9.mp4,shop lifters
325,25.0,704,576,13.0,videyyyyyyzzzzzyyyss_11.mp4,shop lifters
421,24.75,704,576,17.01010101010101,shop_lifter_15.mp4,shop lifters
495,24.75,704,576,20.0,shop_lifter_38.mp4,shop lifters
250,25.0,704,576,10.0,videyyyyyyyyyss_60.mp4,shop lifters
273,24.75,704,576,11.030303030303031,shop_lifter_66.mp4,shop lifters
350,25.0,704,576,14.0,videppppsss_20.mp4,shop lifters
275,25.0,704,576,11.0,videppppsss_17.mp4,shop lifters
425,25.0,704,576,17.0,shop_lifter_103.mp4,shop lifters
350,25.0,704,576,14.0,shop_lifter_104.mp4,shop lifters
396,24.75,704,576,16.0,shop_lifter_29.mp4,shop lifters
275,25.0,704,576,11.0,videppppsss_49.mp4,shop lifters
250,25.0,704,576,10.0,videyyyyyyyyyss_21.mp4,shop lifters
225,25.0,704,576,9.0,videyyyyyynnnnnnzzzzzyyyss_17.mp4,shop lifters
200,25.0,704,576,8.0,videyyyyyyzzzzzyyyss_10.mp4,shop lifters
421,24.75,704,576,17.01010101010101,shop_lifter_43.mp4,shop lifters
300,25.0,704,576,12.0,videyyyyyynnnnnnzzzzzyyyss_7.mp4,shop lifters
425,25.0,704,576,17.0,videppppsss_38.mp4,shop lifters
225,25.0,704,576,9.0,videyyyyyynnnnnnzzzzzyyyss_14.mp4,shop lifters
425,25.0,704,576,17.0,shop_lifter_85.mp4,shop lifters
350,25.0,704,576,14.0,videppppsss_22.mp4,shop lifters
300,25.0,704,576,12.0,videyyyyyyzzzzzyyyss_17.mp4,shop lifters
223,24.75,704,576,9.01010101010101,videmmmmmmsss_97.mp4,shop lifters
275,25.0,704,576,11.0,videyyyyyyyyyss_0.mp4,shop lifters
475,25.0,704,576,19.0,shop_lifter_102.mp4,shop lifters
325,25.0,704,576,13.0,videppppsss_15.mp4,shop lifters
250,25.0,704,576,10.0,videyyyyyynnnnnnzzzzzyyyss_21.mp4,shop lifters
347,24.75,704,576,14.02020202020202,videmmmmmmsss_96.mp4,shop lifters
300,25.0,704,576,12.0,videppppsss_44.mp4,shop lifters
322,24.75,704,576,13.01010101010101,shop_lifter_46.mp4,shop lifters
198,24.75,704,576,8.0,shop_lifter_69.mp4,shop lifters
275,25.0,704,576,11.0,videyyyyyyzzzzzyyyss_18.mp4,shop lifters
350,25.0,704,576,14.0,videppppsss_30.mp4,shop lifters
396,24.75,704,576,16.0,shop_lifter_21.mp4,shop lifters
297,24.75,704,576,12.0,shop_lifter_54.mp4,shop lifters
300,25.0,704,576,12.0,videppppsss_27.mp4,shop lifters
525,25.0,704,576,21.0,shop_lifter_110.mp4,shop lifters
248,24.75,704,576,10.02020202020202,shop_lifter_72.mp4,shop lifters
300,25.0,704,576,12.0,videyyyyyynnnnnnzzzzzyyyss_10.mp4,shop lifters
495,24.75,704,576,20.0,shop_lifter_37.mp4,shop lifters
300,25.0,704,576,12.0,videppppsss_9.mp4,shop lifters
275,25.0,704,576,11.0,videyyyyyynnnnnnzzzzzyyyss_12.mp4,shop lifters
248,24.75,704,576,10.02020202020202,videmmmmmmsss_100.mp4,shop lifters
375,25.0,704,576,15.0,shop_lifter_108.mp4,shop lifters
347,24.75,704,576,14.02020202020202,shop_lifter_10.mp4,shop lifters
297,24.75,704,576,12.0,shop_lifter_9.mp4,shop lifters
175,25.0,704,576,7.0,videyyyyyyyyyss_37.mp4,shop lifters
198,24.75,704,576,8.0,shop_lifter_68.mp4,shop lifters
396,24.75,704,576,16.0,shop_lifter_22.mp4,shop lifters
322,24.75,704,576,13.01010101010101,shop_lifter_0.mp4,shop lifters
300,25.0,704,576,12.0,videyyyyyynnnnnnzzzzzyyyss_8.mp4,shop lifters
250,25.0,704,576,10.0,videyyyyyyzzzzzyyyss_23.mp4,shop lifters
372,24.75,704,576,15.030303030303031,shop_lifter_30.mp4,shop lifters
200,25.0,704,576,8.0,videyyyyyynnnnnnzzzzzyyyss_15.mp4,shop lifters
248,24.75,704,576,10.02020202020202,shop_lifter_76.mp4,shop lifters
250,25.0,704,576,10.0,videyyyyyyyyyss_24.mp4,shop lifters
325,25.0,704,576,13.0,shop_lifter_113.mp4,shop lifters
248,24.75,704,576,10.02020202020202,shop_lifter_84.mp4,shop lifters
300,25.0,704,576,12.0,videyyyyyynnnnnnzzzzzyyyss_9.mp4,shop lifters
396,24.75,704,576,16.0,shop_lifter_26.mp4,shop lifters
350,25.0,704,576,14.0,videyyyyyynnnnnnzzzzzyyyss_4.mp4,shop lifters
475,25.0,704,576,19.0,shop_lifter_111.mp4,shop lifters
275,25.0,704,576,11.0,videppppsss_43.mp4,shop lifters
150,25.0,704,576,6.0,videyyyyyynnnnnnzzzzzyyyss_28.mp4,shop lifters
223,24.75,704,576,9.01010101010101,shop_lifter_80.mp4,shop lifters
275,25.0,704,576,11.0,videppppsss_7.mp4,shop lifters
400,25.0,704,576,16.0,shop_lifter_98.mp4,shop lifters
250,25.0,704,576,10.0,videyyyyyyzzzzzyyyss_19.mp4,shop lifters
198,24.75,704,576,8.0,shop_lifter_57.mp4,shop lifters
425,25.0,704,576,17.0,shop_lifter_97.mp4,shop lifters
300,25.0,704,576,12.0,videppppsss_19.mp4,shop lifters
200,25.0,704,576,8.0,videyyyyyyyyyss_55.mp4,shop lifters
223,24.75,704,576,9.01010101010101,shop_lifter_63.mp4,shop lifters
350,25.0,704,576,14.0,shop_lifter_100.mp4,shop lifters
273,24.75,704,576,11.030303030303031,shop_lifter_58.mp4,shop lifters
425,25.0,704,576,17.0,videppppsss_24.mp4,shop lifters
396,24.75,704,576,16.0,shop_lifter_24.mp4,shop lifters
275,25.0,704,576,11.0,videppppsss_14.mp4,shop lifters
325,25.0,704,576,13.0,videyyyyyyyyyss_2.mp4,shop lifters
325,25.0,704,576,13.0,videyyyyyyyyyss_14.mp4,shop lifters
225,25.0,704,576,9.0,videppppsss_51.mp4,shop lifters
275,25.0,704,576,11.0,videyyyyyyyyyss_64.mp4,shop lifters
275,25.0,704,576,11.0,videyyyyyyyyyss_23.mp4,shop lifters
300,25.0,704,576,12.0,videyyyyyyzzzzzyyyss_13.mp4,shop lifters
446,24.75,704,576,18.02020202020202,shop_lifter_20.mp4,shop lifters
198,24.75,704,576,8.0,shop_lifter_55.mp4,shop lifters
325,25.0,704,576,13.0,shop_lifter_96.mp4,shop lifters
350,25.0,704,576,14.0,videppppsss_28.mp4,shop lifters
248,24.75,704,576,10.02020202020202,shop_lifter_71.mp4,shop lifters
175,25.0,704,576,7.0,videyyyyyyyyyss_33.mp4,shop lifters
400,25.0,704,576,16.0,shop_lifter_122.mp4,shop lifters
248,24.75,704,576,10.02020202020202,videmmmmmmsss_102.mp4,shop lifters
325,25.0,704,576,13.0,videyyyyyyyyyss_65.mp4,shop lifters
273,24.75,704,576,11.030303030303031,videmmmmmmsss_94.mp4,shop lifters
198,24.75,704,576,8.0,videmmmmmmsss_86.mp4,shop lifters
375,25.0,704,576,15.0,videppppsss_33.mp4,shop lifters
198,24.75,704,576,8.0,shop_lifter_3.mp4,shop lifters
350,25.0,704,576,14.0,videppppsss_13.mp4,shop lifters
250,25.0,704,576,10.0,videppppsss_48.mp4,shop lifters
275,25.0,704,576,11.0,videppppsss_4.mp4,shop lifters
248,24.75,704,576,10.02020202020202,videmmmmmmsss_98.mp4,shop lifters
325,25.0,704,576,13.0,videyyyyyynnnnnnzzzzzyyyss_11.mp4,shop lifters
297,24.75,704,576,12.0,shop_lifter_7.mp4,shop lifters
425,25.0,704,576,17.0,videppppsss_31.mp4,shop lifters
250,25.0,704,576,10.0,videyyyyyyzzzzzyyyss_22.mp4,shop lifters
273,24.75,704,576,11.030303030303031,shop_lifter_79.mp4,shop lifters
400,25.0,704,576,16.0,shop_lifter_121.mp4,shop lifters
225,25.0,704,576,9.0,videyyyyyyyyyss_40.mp4,shop lifters
250,25.0,704,576,10.0,videyyyyyyzzzzzyyyss_14.mp4,shop lifters
471,24.75,704,576,19.03030303030303,shop_lifter_27.mp4,shop lifters
174,24.75,704,576,7.03030303030303,shop_lifter_4.mp4,shop lifters
273,24.75,704,576,11.030303030303031,shop_lifter_6.mp4,shop lifters
300,25.0,704,576,12.0,videppppsss_41.mp4,shop lifters
200,25.0,704,576,8.0,videyyyyyynnnnnnzzzzzyyyss_24.mp4,shop lifters
375,25.0,704,576,15.0,shop_lifter_106.mp4,shop lifters
174,24.75,704,576,7.03030303030303,shop_lifter_74.mp4,shop lifters
175,25.0,704,576,7.0,videyyyyyynnnnnnzzzzzyyyss_22.mp4,shop lifters
200,25.0,704,576,8.0,videyyyyyyyyyss_28.mp4,shop lifters
325,25.0,704,576,13.0,shop_lifter_128.mp4,shop lifters
297,24.75,704,576,12.0,videmmmmmmsss_90.mp4,shop lifters
174,24.75,704,576,7.03030303030303,shop_lifter_2.mp4,shop lifters
375,25.0,704,576,15.0,videyyyyyynnnnnnzzzzzyyyss_0.mp4,shop lifters
273,24.75,704,576,11.030303030303031,shop_lifter_82.mp4,shop lifters
500,25.0,704,576,20.0,shop_lifter_118.mp4,shop lifters
175,25.0,704,576,7.0,videppppsss_52.mp4,shop lifters
250,25.0,704,576,10.0,videyyyyyyzzzzzyyyss_2.mp4,shop lifters
223,24.75,704,576,9.01010101010101,shop_lifter_73.mp4,shop lifters
250,25.0,704,576,10.0,videyyyyyyzzzzzyyyss_15.mp4,shop lifters
175,25.0,704,576,7.0,videyyyyyyyyyss_44.mp4,shop lifters
275,25.0,704,576,11.0,videyyyyyyyyyss_63.mp4,shop lifters
300,25.0,704,576,12.0,videyyyyyyyyyss_56.mp4,shop lifters
525,25.0,704,576,21.0,shop_lifter_91.mp4,shop lifters
325,25.0,704,576,13.0,videppppsss_32.mp4,shop lifters
375,25.0,704,576,15.0,videppppsss_23.mp4,shop lifters
248,24.75,704,576,10.02020202020202,shop_lifter_65.mp4,shop lifters
275,25.0,704,576,11.0,videyyyyyyyyyss_11.mp4,shop lifters
350,25.0,704,576,14.0,shop_lifter_n_216.mp4,non shop lifters
275,25.0,704,576,11.0,shop_lifter_n_98.mp4,non shop lifters
425,25.0,704,576,17.0,shop_lifter_n_137.mp4,non shop lifters
425,25.0,704,576,17.0,shop_lifter_n_202.mp4,non shop lifters
375,25.0,704,576,15.0,shop_lifter_n_159.mp4,non shop lifters
250,25.0,704,576,10.0,shop_lifter_n_217.mp4,non shop lifters
175,25.0,704,576,7.0,shop_lifter_n_107.mp4,non shop lifters
596,24.83,704,576,24.00322190898107,videppppsss_37.mp4,non shop lifters
200,25.0,704,576,8.0,shop_lifter_n_190.mp4,non shop lifters
274,24.83,704,576,11.03503826016915,videppppsss_39.mp4,non shop lifters
350,25.0,704,576,14.0,shop_lifter_n_212.mp4,non shop lifters
425,25.0,704,576,17.0,shop_lifter_n_173.mp4,non shop lifters
398,24.83,704,576,16.02899718082964,videppppsss_77.mp4,non shop lifters
900,25.0,704,576,36.0,shop_lifter_n_44.mp4,non shop lifters
472,24.83,704,576,19.009262988320582,videppppsss_0.mp4,non shop lifters
225,25.0,704,576,9.0,shop_lifter_n_154.mp4,non shop lifters
199,24.83,704,576,8.01449859041482,videppppsss_34.mp4,non shop lifters
175,25.0,704,576,7.0,videossssstttsss_48.mp4,non shop lifters
300,25.0,704,576,12.0,shop_lifter_n_130.mp4,non shop lifters
200,25.0,704,576,8.0,shop_lifter_n_123.mp4,non shop lifters
250,25.0,704,576,10.0,shop_lifter_n_93.mp4,non shop lifters
348,24.83,704,576,14.01530406766009,videppppsss_47.mp4,non shop lifters
325,25.0,704,576,13.0,shop_lifter_n_36.mp4,non shop lifters
250,25.0,704,576,10.0,shop_lifter_n_170.mp4,non shop lifters
373,24.83,704,576,15.022150624244865,videppppsss_35.mp4,non shop lifters
400,25.0,704,576,16.0,shop_lifter_n_49.mp4,non shop lifters
475,25.0,704,576,19.0,shop_lifter_n_169.mp4,non shop lifters
398,24.83,704,576,16.02899718082964,videppppsss_46.mp4,non shop lifters
348,24.83,704,576,14.01530406766009,videppppsss_56.mp4,non shop lifters
475,25.0,704,576,19.0,shop_lifter_n_80.mp4,non shop lifters
249,24.83,704,576,10.028191703584374,videppppsss_3.mp4,non shop lifters
250,25.0,704,576,10.0,shop_lifter_n_120.mp4,non shop lifters
350,25.0,704,576,14.0,shop_lifter_n_172.mp4,non shop lifters
300,25.0,704,576,12.0,shop_lifter_n_101.mp4,non shop lifters
425,25.0,704,576,17.0,shop_lifter_n_11.mp4,non shop lifters
249,24.83,704,576,10.028191703584374,videppppsss_67.mp4,non shop lifters
400,25.0,704,576,16.0,shop_lifter_n_211.mp4,non shop lifters
200,25.0,704,576,8.0,shop_lifter_n_27.mp4,non shop lifters
450,25.0,704,576,18.0,shop_lifter_n_72.mp4,non shop lifters
275,25.0,704,576,11.0,shop_lifter_n_29.mp4,non shop lifters
398,24.83,704,576,16.02899718082964,videppppsss_12.mp4,non shop lifters
373,24.83,704,576,15.022150624244865,videppppsss_10.mp4,non shop lifters
200,25.0,704,576,8.0,shop_lifter_n_124.mp4,non shop lifters
373,24.83,704,576,15.022150624244865,videppppsss_40.mp4,non shop lifters
500,25.0,704,576,20.0,shop_lifter_n_42.mp4,non shop lifters
400,25.0,704,576,16.0,shop_lifter_n_14.mp4,non shop lifters
200,25.0,704,576,8.0,shop_lifter_n_122.mp4,non shop lifters
350,25.0,704,576,14.0,shop_lifter_n_201.mp4,non shop lifters
350,25.0,704,576,14.0,shop_lifter_n_65.mp4,non shop lifters
1850,25.0,704,576,74.0,shop_lifter_n_13.mp4,non shop lifters
300,25.0,704,576,12.0,shop_lifter_n_4.mp4,non shop lifters
298,24.83,704,576,12.001610954490536,videppppsss_78.mp4,non shop lifters
525,25.0,704,576,21.0,shop_lifter_n_178.mp4,non shop lifters
250,25.0,704,576,10.0,shop_lifter_n_194.mp4,non shop lifters
325,25.0,704,576,13.0,shop_lifter_n_195.mp4,non shop lifters
224,24.83,704,576,9.021345146999598,videppppsss_63.mp4,non shop lifters
275,25.0,704,576,11.0,shop_lifter_n_106.mp4,non shop lifters
298,24.83,704,576,12.001610954490536,videppppsss_36.mp4,non shop lifters
250,25.0,704,576,10.0,shop_lifter_n_118.mp4,non shop lifters
300,25.0,704,576,12.0,shop_lifter_n_39.mp4,non shop lifters
323,24.83,704,576,13.008457511075314,videppppsss_21.mp4,non shop lifters
323,24.83,704,576,13.008457511075314,videppppsss_29.mp4,non shop lifters
400,25.0,704,576,16.0,shop_lifter_n_76.mp4,non shop lifters
323,24.83,704,576,13.008457511075314,videppppsss_59.mp4,non shop lifters
400,25.0,704,576,16.0,shop_lifter_n_134.mp4,non shop lifters
425,25.0,704,576,17.0,shop_lifter_n_177.mp4,non shop lifters
250,25.0,704,576,10.0,shop_lifter_n_119.mp4,non shop lifters
425,25.0,704,576,17.0,shop_lifter_n_22.mp4,non shop lifters
400,25.0,704,576,16.0,shop_lifter_n_100.mp4,non shop lifters
425,25.0,704,576,17.0,shop_lifter_n_92.mp4,non shop lifters
200,25.0,704,576,8.0,shop_lifter_n_156.mp4,non shop lifters
450,25.0,704,576,18.0,shop_lifter_n_213.mp4,non shop lifters
275,25.0,704,576,11.0,shop_lifter_n_181.mp4,non shop lifters
400,25.0,704,576,16.0,shop_lifter_n_12.mp4,non shop lifters
350,25.0,704,576,14.0,shop_lifter_n_63.mp4,non shop lifters
323,24.83,704,576,13.008457511075314,videppppsss_76.mp4,non shop lifters
425,25.0,704,576,17.0,shop_lifter_n_197.mp4,non shop lifters
400,25.0,704,576,16.0,shop_lifter_n_75.mp4,non shop lifters
350,25.0,704,576,14.0,shop_lifter_n_163.mp4,non shop lifters
250,25.0,704,576,10.0,shop_lifter_n_26.mp4,non shop lifters
475,25.0,704,576,19.0,shop_lifter_n_207.mp4,non shop lifters
300,25.0,704,576,12.0,shop_lifter_n_64.mp4,non shop lifters
250,25.0,704,576,10.0,videossssstttsss_53.mp4,non shop lifters
325,25.0,704,576,13.0,shop_lifter_n_2.mp4,non shop lifters
525,25.0,704,576,21.0,shop_lifter_n_47.mp4,non shop lifters
423,24.83,704,576,17.03584373741442,videppppsss_2.mp4,non shop lifters
350,25.0,704,576,14.0,shop_lifter_n_104.mp4,non shop lifters
175,25.0,704,576,7.0,shop_lifter_n_110.mp4,non shop lifters
275,25.0,704,576,11.0,shop_lifter_n_218.mp4,non shop lifters
450,25.0,704,576,18.0,shop_lifter_n_0.mp4,non shop lifters
275,25.0,704,576,11.0,shop_lifter_n_24.mp4,non shop lifters
373,24.83,704,576,15.022150624244865,videppppsss_16.mp4,non shop lifters
375,25.0,704,576,15.0,shop_lifter_n_166.mp4,non shop lifters
375,25.0,704,576,15.0,shop_lifter_n_180.mp4,non shop lifters
250,25.0,704,576,10.0,shop_lifter_n_196.mp4,non shop lifters
250,25.0,704,576,10.0,shop_lifter_n_96.mp4,non shop lifters
375,25.0,704,576,15.0,shop_lifter_n_32.mp4,non shop lifters
373,24.83,704,576,15.022150624244865,videppppsss_26.mp4,non shop lifters
373,24.83,704,576,15.022150624244865,videppppsss_53.mp4,non shop lifters
300,25.0,704,576,12.0,shop_lifter_n_82.mp4,non shop lifters
625,25.0,704,576,25.0,shop_lifter_n_66.mp4,non shop lifters
500,25.0,704,576,20.0,shop_lifter_n_45.mp4,non shop lifters
125,25.0,704,576,5.0,shop_lifter_n_155.mp4,non shop lifters
325,25.0,704,576,13.0,shop_lifter_n_56.mp4,non shop lifters
425,25.0,704,576,17.0,shop_lifter_n_209.mp4,non shop lifters
400,25.0,704,576,16.0,shop_lifter_n_152.mp4,non shop lifters
375,25.0,704,576,15.0,shop_lifter_n_8.mp4,non shop lifters
250,25.0,704,576,10.0,shop_lifter_n_109.mp4,non shop lifters
425,25.0,704,576,17.0,shop_lifter_n_198.mp4,non shop lifters
200,25.0,704,576,8.0,shop_lifter_n_59.mp4,non shop lifters
325,25.0,704,576,13.0,shop_lifter_n_214.mp4,non shop lifters
250,25.0,704,576,10.0,shop_lifter_n_113.mp4,non shop lifters
373,24.83,704,576,15.022150624244865,videppppsss_70.mp4,non shop lifters
325,25.0,704,576,13.0,shop_lifter_n_131.mp4,non shop lifters
400,25.0,704,576,16.0,shop_lifter_n_37.mp4,non shop lifters
250,25.0,704,576,10.0,shop_lifter_n_57.mp4,non shop lifters
398,24.83,704,576,16.02899718082964,videppppsss_50.mp4,non shop lifters
375,25.0,704,576,15.0,shop_lifter_n_62.mp4,non shop lifters
250,25.0,704,576,10.0,shop_lifter_n_129.mp4,non shop lifters
373,24.83,704,576,15.022150624244865,videppppsss_6.mp4,non shop lifters
350,25.0,704,576,14.0,shop_lifter_n_3.mp4,non shop lifters
450,25.0,704,576,18.0,shop_lifter_n_78.mp4,non shop lifters
447,24.83,704,576,18.002416431735806,videppppsss_45.mp4,non shop lifters
425,25.0,704,576,17.0,shop_lifter_n_73.mp4,non shop lifters
348,24.83,704,576,14.01530406766009,videppppsss_25.mp4,non shop lifters
150,25.0,704,576,6.0,shop_lifter_n_111.mp4,non shop lifters
275,25.0,704,576,11.0,shop_lifter_n_192.mp4,non shop lifters
249,24.83,704,576,10.028191703584374,videppppsss_68.mp4,non shop lifters
300,25.0,704,576,12.0,shop_lifter_n_94.mp4,non shop lifters
325,25.0,704,576,13.0,shop_lifter_n_31.mp4,non shop lifters
348,24.83,704,576,14.01530406766009,videppppsss_54.mp4,non shop lifters
275,25.0,704,576,11.0,shop_lifter_n_151.mp4,non shop lifters
300,25.0,704,576,12.0,shop_lifter_n_86.mp4,non shop lifters
225,25.0,704,576,9.0,shop_lifter_n_90.mp4,non shop lifters
225,25.0,704,576,9.0,shop_lifter_n_187.mp4,non shop lifters
447,24.83,704,576,18.002416431735806,videppppsss_60.mp4,non shop lifters
350,25.0,704,576,14.0,videossssstttsss_51.mp4,non shop lifters
375,25.0,704,576,15.0,shop_lifter_n_176.mp4,non shop lifters
350,25.0,704,576,14.0,shop_lifter_n_23.mp4,non shop lifters
225,25.0,704,576,9.0,shop_lifter_n_84.mp4,non shop lifters
225,25.0,704,576,9.0,shop_lifter_n_89.mp4,non shop lifters
375,25.0,704,576,15.0,shop_lifter_n_167.mp4,non shop lifters
249,24.83,704,576,10.028191703584374,videppppsss_8.mp4,non shop lifters
150,25.0,704,576,6.0,shop_lifter_n_108.mp4,non shop lifters
348,24.83,704,576,14.01530406766009,videppppsss_79.mp4,non shop lifters
275,25.0,704,576,11.0,videossssstttsss_54.mp4,non shop lifters
274,24.83,704,576,11.03503826016915,videppppsss_18.mp4,non shop lifters
348,24.83,704,576,14.01530406766009,videppppsss_11.mp4,non shop lifters
300,25.0,704,576,12.0,shop_lifter_n_133.mp4,non shop lifters
275,25.0,704,576,11.0,shop_lifter_n_138.mp4,non shop lifters
375,25.0,704,576,15.0,shop_lifter_n_97.mp4,non shop lifters
298,24.83,704,576,12.001610954490536,videppppsss_84.mp4,non shop lifters
275,25.0,704,576,11.0,shop_lifter_n_103.mp4,non shop lifters
325,25.0,704,576,13.0,shop_lifter_n_19.mp4,non shop lifters
150,25.0,704,576,6.0,shop_lifter_n_179.mp4,non shop lifters
475,25.0,704,576,19.0,shop_lifter_n_10.mp4,non shop lifters
300,25.0,704,576,12.0,shop_lifter_n_85.mp4,non shop lifters
275,25.0,704,576,11.0,shop_lifter_n_115.mp4,non shop lifters
375,25.0,704,576,15.0,shop_lifter_n_153.mp4,non shop lifters
325,25.0,704,576,13.0,shop_lifter_n_140.mp4,non shop lifters
250,25.0,704,576,10.0,shop_lifter_n_148.mp4,non shop lifters
298,24.83,704,576,12.001610954490536,videppppsss_65.mp4,non shop lifters
425,25.0,704,576,17.0,shop_lifter_n_67.mp4,non shop lifters
275,25.0,704,576,11.0,shop_lifter_n_95.mp4,non shop lifters
325,25.0,704,576,13.0,shop_lifter_n_74.mp4,non shop lifters
375,25.0,704,576,15.0,shop_lifter_n_70.mp4,non shop lifters
373,24.83,704,576,15.022150624244865,videppppsss_57.mp4,non shop lifters
398,24.83,704,576,16.02899718082964,videppppsss_5.mp4,non shop lifters
300,25.0,704,576,12.0,shop_lifter_n_128.mp4,non shop lifters
275,25.0,704,576,11.0,shop_lifter_n_88.mp4,non shop lifters
350,25.0,704,576,14.0,shop_lifter_n_54.mp4,non shop lifters
373,24.83,704,576,15.022150624244865,videppppsss_42.mp4,non shop lifters
425,25.0,704,576,17.0,videossssstttsss_55.mp4,non shop lifters
375,25.0,704,576,15.0,shop_lifter_n_174.mp4,non shop lifters
300,25.0,704,576,12.0,shop_lifter_n_146.mp4,non shop lifters
398,24.83,704,576,16.02899718082964,videppppsss_55.mp4,non shop lifters
275,25.0,704,576,11.0,shop_lifter_n_30.mp4,non shop lifters
300,25.0,704,576,12.0,shop_lifter_n_157.mp4,non shop lifters
325,25.0,704,576,13.0,shop_lifter_n_43.mp4,non shop lifters
325,25.0,704,576,13.0,shop_lifter_n_55.mp4,non shop lifters
375,25.0,704,576,15.0,shop_lifter_n_185.mp4,non shop lifters
250,25.0,704,576,10.0,shop_lifter_n_116.mp4,non shop lifters
650,25.0,704,576,26.0,shop_lifter_n_206.mp4,non shop lifters
450,25.0,704,576,18.0,shop_lifter_n_81.mp4,non shop lifters
400,25.0,704,576,16.0,shop_lifter_n_99.mp4,non shop lifters
325,25.0,704,576,13.0,shop_lifter_n_114.mp4,non shop lifters
300,25.0,704,576,12.0,shop_lifter_n_117.mp4,non shop lifters
250,25.0,704,576,10.0,shop_lifter_n_112.mp4,non shop lifters
450,25.0,704,576,18.0,shop_lifter_n_68.mp4,non shop lifters
323,24.83,704,576,13.008457511075314,videppppsss_62.mp4,non shop lifters
375,25.0,704,576,15.0,shop_lifter_n_46.mp4,non shop lifters
400,25.0,704,576,16.0,shop_lifter_n_165.mp4,non shop lifters
225,25.0,704,576,9.0,videossssstttsss_49.mp4,non shop lifters
450,25.0,704,576,18.0,shop_lifter_n_7.mp4,non shop lifters
398,24.83,704,576,16.02899718082964,videppppsss_20.mp4,non shop lifters
373,24.83,704,576,15.022150624244865,videppppsss_17.mp4,non shop lifters
200,25.0,704,576,8.0,shop_lifter_n_189.mp4,non shop lifters
475,25.0,704,576,19.0,shop_lifter_n_20.mp4,non shop lifters
400,25.0,704,576,16.0,shop_lifter_n_127.mp4,non shop lifters
425,25.0,704,576,17.0,shop_lifter_n_164.mp4,non shop lifters
425,25.0,704,576,17.0,shop_lifter_n_132.mp4,non shop lifters
400,25.0,704,576,16.0,shop_lifter_n_71.mp4,non shop lifters
224,24.83,704,576,9.021345146999598,videppppsss_69.mp4,non shop lifters
400,25.0,704,576,16.0,shop_lifter_n_161.mp4,non shop lifters
225,25.0,704,576,9.0,shop_lifter_n_149.mp4,non shop lifters
298,24.83,704,576,12.001610954490536,videppppsss_49.mp4,non shop lifters
200,25.0,704,576,8.0,shop_lifter_n_126.mp4,non shop lifters
375,25.0,704,576,15.0,shop_lifter_n_182.mp4,non shop lifters
249,24.83,704,576,10.028191703584374,videppppsss_38.mp4,non shop lifters
475,25.0,704,576,19.0,shop_lifter_n_52.mp4,non shop lifters
398,24.83,704,576,16.02899718082964,videppppsss_22.mp4,non shop lifters
325,25.0,704,576,13.0,shop_lifter_n_136.mp4,non shop lifters
375,25.0,704,576,15.0,shop_lifter_n_199.mp4,non shop lifters
350,25.0,704,576,14.0,shop_lifter_n_83.mp4,non shop lifters
575,25.0,704,576,23.0,shop_lifter_n_40.mp4,non shop lifters
423,24.83,704,576,17.03584373741442,videppppsss_15.mp4,non shop lifters
275,25.0,704,576,11.0,shop_lifter_n_186.mp4,non shop lifters
249,24.83,704,576,10.028191703584374,videppppsss_44.mp4,non shop lifters
400,25.0,704,576,16.0,shop_lifter_n_41.mp4,non shop lifters
225,25.0,704,576,9.0,shop_lifter_n_121.mp4,non shop lifters
249,24.83,704,576,10.028191703584374,videppppsss_30.mp4,non shop lifters
375,25.0,704,576,15.0,shop_lifter_n_53.mp4,non shop lifters
224,24.83,704,576,9.021345146999598,videppppsss_64.mp4,non shop lifters
325,25.0,704,576,13.0,shop_lifter_n_135.mp4,non shop lifters
398,24.83,704,576,16.02899718082964,videppppsss_82.mp4,non shop lifters
373,24.83,704,576,15.022150624244865,videppppsss_27.mp4,non shop lifters
450,25.0,704,576,18.0,shop_lifter_n_35.mp4,non shop lifters
249,24.83,704,576,10.028191703584374,videppppsss_9.mp4,non shop lifters
323,24.83,704,576,13.008457511075314,videppppsss_80.mp4,non shop lifters
375,25.0,704,576,15.0,shop_lifter_n_34.mp4,non shop lifters
249,24.83,704,576,10.028191703584374,videppppsss_73.mp4,non shop lifters
300,25.0,704,576,12.0,shop_lifter_n_150.mp4,non shop lifters
450,25.0,704,576,18.0,shop_lifter_n_175.mp4,non shop lifters
200,25.0,704,576,8.0,shop_lifter_n_33.mp4,non shop lifters
275,25.0,704,576,11.0,shop_lifter_n_38.mp4,non shop lifters
323,24.83,704,576,13.008457511075314,videppppsss_66.mp4,non shop lifters
475,25.0,704,576,19.0,shop_lifter_n_208.mp4,non shop lifters
375,25.0,704,576,15.0,shop_lifter_n_141.mp4,non shop lifters
400,25.0,704,576,16.0,shop_lifter_n_25.mp4,non shop lifters
450,25.0,704,576,18.0,shop_lifter_n_144.mp4,non shop lifters
375,25.0,704,576,15.0,shop_lifter_n_48.mp4,non shop lifters
350,25.0,704,576,14.0,videossssstttsss_52.mp4,non shop lifters
274,24.83,704,576,11.03503826016915,videppppsss_43.mp4,non shop lifters
400,25.0,704,576,16.0,shop_lifter_n_160.mp4,non shop lifters
175,25.0,704,576,7.0,shop_lifter_n_191.mp4,non shop lifters
348,24.83,704,576,14.01530406766009,videppppsss_75.mp4,non shop lifters
250,25.0,704,576,10.0,shop_lifter_n_87.mp4,non shop lifters
375,25.0,704,576,15.0,shop_lifter_n_183.mp4,non shop lifters
375,25.0,704,576,15.0,videossssstttsss_56.mp4,non shop lifters
323,24.83,704,576,13.008457511075314,videppppsss_58.mp4,non shop lifters
373,24.83,704,576,15.022150624244865,videppppsss_7.mp4,non shop lifters
350,25.0,704,576,14.0,shop_lifter_n_21.mp4,non shop lifters
298,24.83,704,576,12.001610954490536,videppppsss_74.mp4,non shop lifters
323,24.83,704,576,13.008457511075314,videppppsss_19.mp4,non shop lifters
400,25.0,704,576,16.0,shop_lifter_n_204.mp4,non shop lifters
275,25.0,704,576,11.0,shop_lifter_n_58.mp4,non shop lifters
450,25.0,704,576,18.0,shop_lifter_n_142.mp4,non shop lifters
450,25.0,704,576,18.0,shop_lifter_n_79.mp4,non shop lifters
325,25.0,704,576,13.0,shop_lifter_n_9.mp4,non shop lifters
298,24.83,704,576,12.001610954490536,videppppsss_24.mp4,non shop lifters
275,25.0,704,576,11.0,shop_lifter_n_105.mp4,non shop lifters
525,25.0,704,576,21.0,shop_lifter_n_50.mp4,non shop lifters
500,25.0,704,576,20.0,shop_lifter_n_210.mp4,non shop lifters
249,24.83,704,576,10.028191703584374,videppppsss_14.mp4,non shop lifters
300,25.0,704,576,12.0,shop_lifter_n_158.mp4,non shop lifters
350,25.0,704,576,14.0,shop_lifter_n_162.mp4,non shop lifters
350,25.0,704,576,14.0,shop_lifter_n_18.mp4,non shop lifters
275,25.0,704,576,11.0,shop_lifter_n_188.mp4,non shop lifters
373,24.83,704,576,15.022150624244865,videppppsss_51.mp4,non shop lifters
300,25.0,704,576,12.0,shop_lifter_n_145.mp4,non shop lifters
350,25.0,704,576,14.0,shop_lifter_n_51.mp4,non shop lifters
425,25.0,704,576,17.0,shop_lifter_n_205.mp4,non shop lifters
373,24.83,704,576,15.022150624244865,videppppsss_28.mp4,non shop lifters
325,25.0,704,576,13.0,videossssstttsss_50.mp4,non shop lifters
400,25.0,704,576,16.0,shop_lifter_n_6.mp4,non shop lifters
174,24.83,704,576,7.007652033830045,videppppsss_61.mp4,non shop lifters
275,25.0,704,576,11.0,shop_lifter_n_91.mp4,non shop lifters
249,24.83,704,576,10.028191703584374,videppppsss_33.mp4,non shop lifters
348,24.83,704,576,14.01530406766009,videppppsss_72.mp4,non shop lifters
298,24.83,704,576,12.001610954490536,videppppsss_13.mp4,non shop lifters
500,25.0,704,576,20.0,shop_lifter_n_77.mp4,non shop lifters
323,24.83,704,576,13.008457511075314,videppppsss_48.mp4,non shop lifters
274,24.83,704,576,11.03503826016915,videppppsss_4.mp4,non shop lifters
274,24.83,704,576,11.03503826016915,videppppsss_31.mp4,non shop lifters
500,25.0,704,576,20.0,shop_lifter_n_17.mp4,non shop lifters
350,25.0,704,576,14.0,shop_lifter_n_168.mp4,non shop lifters
400,25.0,704,576,16.0,shop_lifter_n_200.mp4,non shop lifters
550,25.0,704,576,22.0,shop_lifter_n_15.mp4,non shop lifters
475,25.0,704,576,19.0,shop_lifter_n_5.mp4,non shop lifters
350,25.0,704,576,14.0,shop_lifter_n_69.mp4,non shop lifters
323,24.83,704,576,13.008457511075314,videppppsss_41.mp4,non shop lifters
249,24.83,704,576,10.028191703584374,videppppsss_71.mp4,non shop lifters
200,25.0,704,576,8.0,shop_lifter_n_60.mp4,non shop lifters
500,25.0,704,576,20.0,shop_lifter_n_203.mp4,non shop lifters
275,25.0,704,576,11.0,shop_lifter_n_102.mp4,non shop lifters
425,25.0,704,576,17.0,shop_lifter_n_16.mp4,non shop lifters
325,25.0,704,576,13.0,shop_lifter_n_193.mp4,non shop lifters
249,24.83,704,576,10.028191703584374,videppppsss_85.mp4,non shop lifters
275,25.0,704,576,11.0,shop_lifter_n_125.mp4,non shop lifters
423,24.83,704,576,17.03584373741442,videppppsss_52.mp4,non shop lifters
250,25.0,704,576,10.0,shop_lifter_n_28.mp4,non shop lifters
325,25.0,704,576,13.0,shop_lifter_n_147.mp4,non shop lifters
348,24.83,704,576,14.01530406766009,videppppsss_83.mp4,non shop lifters
75,25.0,704,576,3.0,shop_lifter_n_215.mp4,non shop lifters
348,24.83,704,576,14.01530406766009,videppppsss_81.mp4,non shop lifters
274,24.83,704,576,11.03503826016915,videppppsss_32.mp4,non shop lifters
348,24.83,704,576,14.01530406766009,videppppsss_23.mp4,non shop lifters
300,25.0,704,576,12.0,shop_lifter_n_184.mp4,non shop lifters
375,25.0,704,576,15.0,shop_lifter_n_139.mp4,non shop lifters
375,25.0,704,576,15.0,shop_lifter_n_143.mp4,non shop lifters
275,25.0,704,576,11.0,shop_lifter_n_61.mp4,non shop lifters
